FA||Url||taskID[<*>] dealloc
ARPT: <*>: AirPort_<*>::syncPowerState: WWEN[enabled]
<*>::setAwdlAutoMode Resuming AWDL
Thermal pressure state: <*> Memory pressure state: <*>
ARPT: <*>: ARPT: Wake Reason: Wake on Scan offload
ARPT: <*>: AirPort_<*>::platformWoWEnable: WWEN[disable]
IOThunderboltSwitch<<*> - Thunderbolt HPD packet for route =<*><*> port =<*><*> unplug =<*><*>
ARPT: <*>: <*>: MDNS: <*> SRV Recs, <*> TXT Recs
AppleCamIn::systemWakeCall - messageType =<*><*>
setting hostname to "<*>
CCIOReporterFormatter::addRegistryChildToChannelDictionary streams <*>
ARPT: <*>: <*>: wl_update_tcpkeep_seq: Original Seq: <*>, Ack: <*>, Win size: <*>
AirPort: Link Down on <*> Reason <*> (Unspecified).
__<*>-[NetworkAnalyticsEngine observeValueForKeyPath:ofObject:change:context:]_block_invoke unexpected switch value <*>
[<*>:<*>:<*>] <<<< CRABS >>>> crabsFlumeHostAvailable: [<*>] Byte flume reports host available again.
mDNS_DeregisterInterface: Frequent transitions for interface <*> (<*>:<*>:<*>:<*>:<*>:<*>:<*>:<*>)
PM response took <*> ms (<*>, powerd)
ARPT: <*>: IOPMPowerSource Information: onSleep,  SleepType: Normal Sleep,  'ExternalConnected': Yes, 'TimeRemaining': <*>,
<*>: scheduler_evaluate_activity told me to run this job; however, but the start time isn't for <*> seconds.  Ignoring.
<*>::setAwdlSuspendedMode() Suspending AWDL, enterQuietMode(<*>)
CCFile::captureLogRun() Exiting CCFile::captureLogRun
nw_<*>_post_new_ifstate successfully changed <*> ifstate from <*> to <*>
<*>(<*>) deny network-outbound <*>
AirPort: Link Up on <*>
network_reachability_changed : network is not reachable, netbiosd is shutting down
Sandbox: <*>(<*>) deny(<*>) network-outbound <*>
ARPT: <*>: <*>: Roamed or switched channel, reason #<*>, bssid <*>:<*>:<*>:<*>:<*>:<*>, last RSSI -<*>
ARPT: <*>: <*>: MDNS: <*> Addr: <*>:<*>:<*>:<*>:<*>:<*>:fecd:<*>
ARPT: <*>: AirPort_<*>::platformWoWEnable: WWEN[enable]
AppleThunderboltGenericHAL::earlyWake - complete - took <*> milliseconds
<*>::<*> - retries =<*><*>
<*>::<*>::postMessage bssid changed
mDNS_DeregisterInterface: Frequent transitions for interface <*> (<*>:<*>:<*>:<*>:<*>:<*>:FECD:<*>)
AppleCamIn::wakeEventHandlerThread
<*>::<*> - intel_rp =<*><*> dlla_reporting_supported =<*><*>
<*>: channel changed to <*>
mDNS_RegisterInterface: Frequent transitions for interface <*> (<*>:<*>:<*>:<*>:<*>:<*>:FECD:<*>)
ARPT: <*>: <*>: setup_keepalive: Local port: <*>, Remote port: <*>
ARPT: <*>: <*>: wl_update_tcpkeep_seq: Updated seq<*> from UserClient Seq <*>, Ack <*>, Win size <*>
Unrecognized attribute value: t:AbchPersonItemType
ARPT: <*>: AQM agg results <*> len hi<*>: <*> <*> BAbitmap(<*>-<*>) <*> <*> <*> <*>
<*>::setAwdlOperatingMode Setting the AWDL operation mode from AUTO to SUSPENDED
CCFile::captureLog Received Capture notice id: <*>, reason =<*>AuthFail:sts:<*>_rsn:<*>
button report: <*>
<*>:<*>:<*> : BTLE scanner Powered On
CFPasteboardRef CFPasteboardCreate(CFAllocatorRef, CFStringRef) : failed to create global data
Location icon should now be in state 'Inactive'
ARPT: <*>: <*>: MDNS: <*> Addr: <*>
<*>:<*>:<*> : BTLE discovered device with hash <<*> <*> <*>>
SOSAccountThisDeviceCanSyncWithCircle sync with device failure: Error Domain=<*> Code=<*> "Account identity not set" UserInfo=<*>NSDescription=<*> identity not set}
ARPT: <*>: <*>: setup_keepalive: interval <*>, retry_interval <*>, retry_count <*>
__<*>-[NETClientConnection <*>]_block_invoke <*> - Hit by torpedo! <*> <*> <*>:<*>
Captive: CNPluginHandler <*>: Evaluating
<*>:<*>:<*> : Finished generating hashes
Setting BTCoex Config: enable_<*>:<*>, profile_<*>:<*>, enable_<*>:<*>, profile_<*>:<*>
<*>::setAwdlOperatingMode Setting the AWDL operation mode from SUSPENDED to AUTO
Captive: [CNInfoNetworkActive:<*>] <*>: SSID 'CalVisitor' making interface primary (cache indicates network not captive)
[<*><*>)] Failed to read DnsConfig.
USBMSC Identifier (non-unique): <*> <*> <*> <*>, <*>
CCXPCService::setStreamEventHandler Registered for notification callback.
AirPort: Link Down on <*> Reason <*> (Disassociated because station leaving).
tcp_connection_destination_perform_socket_connect <*> connectx to <*>:<*>@<*> failed: [<*>] Network is down
-[NetworkAnalyticsEngine _writeJournalRecord:fromCellFingerprint:key:atLOI:ofKind:lqm:isFaulty:] Hashing of the primary key failed. Dropping the journal record.
Saw change in network reachability (isReachable=<*>)
<*>: BSSID changed to <*>:<*>:<*>:<*>:bc:<*>
securityd_xpc_dictionary_handler cloudd[<*>] copy_matching Error Domain=<*> Code=<*><*> "query missing class name" (paramErr: error in user parameter list) UserInfo=<*>NSDescription=<*> missing class name}
[HID] [ATC] AppleDeviceManagementHIDEventService::processWakeReason Wake reason: Host (<*>)
dnssd_clientstub ConnectToServer: connect()-> No of tries: <*>
-[NETClientConnection effectiveBundleID] using process name apsd as bundle ID (this is expected for daemons without bundle ID
RTC: Maintenance <*> <*>:<*>:<*>, sleep <*> <*>:<*>:<*>
RTC: PowerByCalendarDate setting ignored
<*>: <*> country code set to '<*>'.
Location icon should now be in state 'Active'
[BluetoothHIDDeviceController] EventServiceDisconnectedCallback
ARPT: <*>: <*>: setup_keepalive: Seq: <*>, Ack: <*>, Win size: <*>
[HID] [MT] AppleMultitouchDevice::willTerminate entered
PMStats: Hibernate read took <*> ms
QQ(<*>) deny mach-lookup <*>
Error returned from iconservicesagent: (null)
handle_will_sleep_auth_and_shield_windows: Reordering authw <*>(<*>) (lock state: <*>)
tcp_connection_tls_session_error_callback_imp <*> <*> error <*>
-[UABestAppSuggestionManager notifyBestAppChanged:type:options:bundleIdentifier:activityType:dynamicIdentifier:when:confidence:deviceName:deviceIdentifier:deviceType:] (null) UASuggestedActionType=<*> (null)/(null) opts=<*>null) when=<*> <*>:<*>:<*> +<*> confidence=<*> from=<*>null)/(null) (<*> #<*>)
-[ISGenerateImageOp generateImageWithCompletion:] Failed to composit image for descriptor <ISBindingImageDescriptor: <*>>.
pages <*>, wire <*>, act <*>, inact <*>, cleaned <*> spec <*>, zf <*>, throt <*>, compr <*>, xpmapped <*>
dnssd_clientstub ConnectToServer: connect() failed path:<*> Socket:<*> Err:-<*> Errno:<*> Operation not permitted
send_datagram_available_ping: pid <*> failed to act on a ping it dequeued before timing out.
VDCAssistant:  Found a camera (<*>) , but was not able to start it up (<*> -- (os<*>) successful)
WARNING: <*> font data isn't in the correct format required by the Adobe Type <*> Font Format specification.
device_generate_desktop_screenshot: authw <*>(<*>), shield <*>(<*>)
Previous sleep cause: <*>
Wake reason: RTC (Alarm)
[<*>] [Refusing to parse response to PROPPATCH because of content-type: [text<*>; charset=<*>-<*>].]
<*>-coredata:/<*>: scheduler_evaluate_activity told me to run this job; however, but the start time isn't for <*> seconds.  Ignoring.
<*>::prePCIWake - power up complete - took <*> us
hibernate_page_list_setall found pageCount <*>
<*>: BSSID changed to <*>:<*>:<*>:<*>:<*>:<*>
NETWORK: requery, <*>, <*>, <*>, <*>, <*>, items, fQueryRetries, <*>, fLastRetryTimestamp, <*>
network changed: <*>(<*>-:<*>) <*>(<*>:<*>:<*>:<*>:<*>:<*>:<*>:fecd:<*>) DNS! Proxy SMB
[IOBluetoothFamily][staticBluetoothTransportShowsUp] -- Received Bluetooth Controller register service notification -- <*>
Captive: CNPluginHandler <*>: Authenticated
<*>:<*>:<*> : Discoverable mode changed to Off
SecOSStatusWith error:[-<*>] Error Domain=<*> Code=<*><*> "query missing class name" (paramErr: error in user parameter list) UserInfo=<*>NSDescription=<*> missing class name}
Bluetooth -- LE is supported - Disable LE meta event
ARPT: <*>: IOPMPowerSource Information: onSleep,  SleepType: Normal Sleep,  'ExternalConnected': No, 'TimeRemaining': <*>,
ARPT: <*>: <*>: setup_keepalive: Local IP: <*>
tcp_connection_handle_connect_conditions_bad <*> failed: <*> - No network route
network changed: DNS* Proxy
TBT W (<*>): <*> [x]
[HID] [ATC] [Error] AppleDeviceManagementHIDEventService::start Could not make a string from out connection notification key
<*> <*>:<*>:<*> | I | VoipWrapper  | <*>:<*>             | close video chat. llFriendUIN =<*>******<*>
ASL Sender Statistics
mDNS_RegisterInterface: Frequent transitions for interface <*> (<*>:<*>:<*>:<*>:<*>:<*>:<*>:<*>)
KeychainGetICDPStatus: keychain: -<*>
<*> <*>:<*>:<*> GoogleSoftwareUpdateAgent[<*><*>] [lvl=<*>] -[KSUpdateEngine updateAllExceptProduct:] KSUpdateEngine updating all installed products, except:'<*>'.
Error in CoreDragRemoveReceiveHandler: -<*>
[<*>:<*>:<*>] itemasync_SetProperty signalled err=<*><*> (kFigBaseObjectError_Invalidated) (invalidated) at <*> line <*>
host connection <NSXPCConnection: <*>> connection from pid <*> invalidated
ARPT: <*>: <*>: leaveModulePoweredForOffloads: Wi-Fi will stay on.
<*> <*>:<*>:<*> GoogleSoftwareUpdateAgent[<*><*>] [lvl=<*>] -[KSOutOfProcessFetcher(PrivateMethods) launchedHelperTaskForToolPath:error:] KSOutOfProcessFetcher launched '<*>' with process id: <*>
<*> <*>:<*>:<*> ksfetch[<*><*>] [lvl=<*>] main() ksfetch fetching URL (<NSMutableURLRequest: <*>> { URL: https:/<*> }) to folder:<*>
ARPT: <*>: IOPMPowerSource Information: onWake,  SleepType: Normal Sleep,  'ExternalConnected': Yes, 'TimeRemaining': <*>,
[<*>:<*>:<*>] <<<< IQ-CA >>>> piqca_setUsePreQueue: (<*>) rejecting report of layer being serviced - IQ has not yet begun to update
Captive: CNPluginHandler <*>: Inactive
<*>_unlink_ifa: <*> address <*> has no prefix
Path not allowed in target domain: type =<*>pid, path =<*><*> error =<*><*>: The specified service did not ship in the requestor's bundle, origin =<*><*>
<*> <*>:<*>:<*> ksfetch[<*><*>] [lvl=<*>] KSHelperReceiveAllData() KSHelperTool read <*> bytes from stdin.
<*>:<*>:<*> : BTLE scanner Powered Off
device_generate_lock_screen_screenshot: authw <*>(<*>)[<*>, <*>, <*>, <*>] shield <*>(<*>), dev [<*>,<*>]
Received Capture Event
[<*>:<*>:<*>] FigAgglomeratorSetObjectForKey signalled err=<*><*> (kFigStringConformerError_ParamErr) (NULL key) at <*> line <*>
Sandbox: QQ(<*>) deny(<*>) mach-lookup <*>
ARPT: <*>: AQM agg params <*> maxlen hi<*> <*> <*> minlen <*> adjlen <*>
[<*>:<*>:<*>] <<<< Boss >>>> figPlaybackBossPrerollCompleted: unexpected preroll-complete notification
sigio_handler: sigio_handler_active !=<*><*>
Wake reason: ?
############################## _getSysMsgList
<*>:<*>:<*> : Scanning mode Contacts Only
<*>:<*>:<*> : BTLE scanning stopped
wake time set +<*> s
Configuration Notice: ASL Module "<*>" claims selected messages. Those messages may not appear in standard system log files or in the ASL database.
[HID] [MT] MTActuatorManagement::getActuatorRef Calling MTActuatorOpen() outside of MTTrackpadHIDManager.
<*> <*>:<*>:<*> GoogleSoftwareUpdateAgent[<*><*>] [lvl=<*>] -[KSAgentApp(KeystoneThread) runKeystonesInThreadWithArg:] Checking with local engine: <KSUpdateEngine:<*> ticketStore=<*>KSPersistentTicketStore:<*> store=<*>KSKeyedPersistentStore:<*> path=<*> lockFile=<*>KSLockFile:<*> path=<*> locked=<*> > >> processor=<*>KSActionProcessor:<*> delegate=<*>KSUpdateEngine:<*>> isProcessing=<*> actionsCompleted=<*> progress=<*> errors=<*> currentActionErrors=<*> events=<*> currentActionEvents=<*> actionQueue=<*> ) > delegate=<*>null) serverInfoStore=<*>KSServerPrivateInfoStore:<*> path=<*>> errors=<*> >
AppleCamIn::handleWakeEvent_gated
<*> <*>:<*>:<*> GoogleSoftwareUpdateAgent[<*><*>] [lvl=<*>] -[KSAgentApp updateProductWithProductID:usingEngine:] Checking for updates for "<*>" using engine <KSUpdateEngine:<*> ticketStore=<*>KSPersistentTicketStore:<*> store=<*>KSKeyedPersistentStore:<*> path=<*> lockFile=<*>KSLockFile:<*> path=<*> locked=<*> > >> processor=<*>KSActionProcessor:<*> delegate=<*>KSUpdateEngine:<*>> isProcessing=<*> actionsCompleted=<*> progress=<*> errors=<*> currentActionErrors=<*> events=<*> currentActionEvents=<*> actionQueue=<*> ) > delegate=<*>null) serverInfoStore=<*>KSServerPrivateInfoStore:<*> path=<*>> errors=<*> >
<*>:<*>:<*> : Purged contact hashes
<*>:<*>:<*> : BTLE scanning started
IOPMrootDomain: idle cancel, state <*>
ARPT: <*>: ARPT: Wake Reason: Wake on TCP Timeout
hibernate_teardown_pmap_structs done: last_valid_compact_indx <*>
enabling pid=<*> for plug-in <*>(<*>) <*> <*>
hibernate_alloc_pages act <*>, inact <*>, anon <*>, throt <*>, spec <*>, wire <*>, wireinit <*>
PBRequester failed with Error Error Domain=<*> Code=<*><*> "The request timed out." UserInfo=<*>NSUnderlyingError=<*> {Error Domain=<*> Code=<*><*> "The request timed out." UserInfo=<*>NSErrorFailingURLStringKey=<*>:/<*>, NSErrorFailingURLKey=<*>:/<*>, _kCFStreamErrorCodeKey=<*><*>, _kCFStreamErrorDomainKey=<*>, NSLocalizedDescription=<*> request timed out.}}, NSErrorFailingURLStringKey=<*>:/<*>, NSErrorFailingURLKey=<*>:/<*>, _kCFStreamErrorDomainKey=<*>, _kCFStreamErrorCodeKey=<*><*>, NSLocalizedDescription=<*> request timed out.}
<*> <*>:<*>:<*> GoogleSoftwareUpdateAgent[<*><*>] [lvl=<*>] -[KSOmahaServer updateInfosForUpdateResponse:updateRequest:infoStore:upToDateTickets:updatedTickets:events:errors:] Response passed CUP validation.
[<*>:<*>:<*>] itemasync_CopyProperty signalled err=<*><*> (kFigBaseObjectError_Invalidated) (invalidated) at <*> line <*>
NETWORK: no response from server, reachability, <*>, queryRetries, <*>
CCFile::captureLog
Unexpected payload found for message <*>, dataLen <*>
Opened file <*>, size <*>, extents <*>, maxio <*> ssd <*>
Central manager is not powered on
ARPT: <*>: AirPort_<*>::powerChange: System Wake - Full Wake/ Dark Wake / Maintenance wake
Service exited with abnormal code: <*>
Internal name did not resolve to internal address!
ARPT: <*>: framerdy <*> bmccmd <*> framecnt <*>
<IMMacNotificationCenterManager: <*>   DND Enabled: YES
CCFile::captureLogRun Skipping current file Dir file [<*>-<*>-<*>_<*>,<*>,<*>]-<*>, Current File [<*>-<*>-<*>_<*>,<*>,<*>]-<*>
ARPT: <*>: <*>: setup_keepalive: Remote IP: <*>
<*>:<*>:<*> : Starting AirDrop server for user <*> on wake
<*>: Supported channels <*> <*> <*> <*> <*> <*> <*> <*> <*> <*> <*> <*> <*> <*> <*> <*> <*> <*> <*> <*> <*> <*> <*> <*> <*> <*> <*> <*> <*> <*> <*> <*> <*> <*> <*> <*> <*>
CCFile::copyFile fileName is [<*>-<*>-<*>_<*>,<*>,<*>]-<*>, source path:<*>//[<*>-<*>-<*>_<*>,<*>,<*>]-<*>, dest path:<*>//[<*>-<*>-<*>_<*>,<*>,<*>]-<*>
CCIOReporterFormatter::refreshSubscriptionsFromStreamRegistry clearing out any previous subscriptions
<<<< FigByteStream >>>> FigByteStreamStatsLogOneRead: ByteStream read of <*> bytes @ <*> took <*> secs. to complete, <*> reads >=<*><*> sec.
network changed: <*>(<*>:<*>) <*>(<*>!:<*>:<*>:<*>:<*>:<*>:<*>:<*>:<*>) DNS Proxy SMB
CCLogTap::profileRemoved, Owner: <*>, Name: OneStats
network changed: <*>(<*>-:<*>:<*>:<*>:<*>:<*>:<*>:<*>:<*>) DNS- Proxy-
<<<< FigByteStream >>>> FigByteStreamStatsLogOneRead: ByteStream read of <*> bytes @ <*> took <*> sec. to complete, <*> reads >=<*><*> sec.
ARPT: <*>: wlc_dump_aggfifo:
PBRequester failed with Error Error Domain=<*> Code=<*><*> "The Internet connection appears to be offline." UserInfo=<*>NSUnderlyingError=<*> {Error Domain=<*> Code=<*><*> "The Internet connection appears to be offline." UserInfo=<*>NSErrorFailingURLStringKey=<*>:/<*>, NSErrorFailingURLKey=<*>:/<*>, _kCFStreamErrorCodeKey=<*>, _kCFStreamErrorDomainKey=<*>, NSLocalizedDescription=<*> Internet connection appears to be offline.}}, NSErrorFailingURLStringKey=<*>:/<*>, NSErrorFailingURLKey=<*>:/<*>, _kCFStreamErrorDomainKey=<*>, _kCFStreamErrorCodeKey=<*>, NSLocalizedDescription=<*> Internet connection appears to be offline.}
[<*>:<*>:<*>] <<<< CRABS >>>> crabsFlumeHostUnavailable: [<*>] Byte flume reports host unavailable.
doSaveChannels@<*>: Will write to: <*>/[<*>-<*>-<*>_<*>,<*>,<*>] - AuthFail:sts:<*>
tcp_connection_destination_perform_socket_connect <*> connectx to <*>:<*>@<*> failed: [<*>] Network is unreachable
hibernate image path: <*>
hibernate_flush_memory: buffer_cache_gc freed up <*> wired pages
hibernate_machine_init reading
ASSERTION FAILED: dvcAddrRef !=<*>((void *)<*>) -[DriverServices getDeviceAddress:] line: <*>
jemmytest
assertion failed: <*>: <*> + <*> [<*>]: <*>
hibernate_setup(<*>) took <*> ms
hciControllerOnline; HID devices? <*>
INIT -- Host controller is published
BuildActDeviceEntry exit
polled file major <*>, minor <*>, blocksize <*>, pollers <*>
**** [IOBluetoothFamily][ProcessBluetoothTransportShowsUpActionWL] -- calling IOBluetoothFamily's registerService() -- <*> -- <*> -- <*> ****
Wake reason: ARPT (Network)
**** [IOBluetoothFamily][ProcessBluetoothTransportShowsUpActionWL] -- Connected to the transport successfully -- <*> -- <*> -- <*> ****
ARPT: <*>: IOPMPowerSource Information: onSleep,  SleepType: Standby,  'ExternalConnected': No, 'TimeRemaining': <*>,
AppleActuatorHIDEventDriver: message service is terminated
payload Data <*> <*>
CCFile::captureLog Received Capture notice id: <*>, reason =<*>DeauthInd:sts:<*>
hibernate_machine_init pagesDone <*> <*> <*>, time: <*> ms, disk(<*>) <*> Mb<*>, comp bytes: <*> time: <*> ms <*> Mb<*>, crypt bytes: <*> time: <*> ms <*> Mb<*>
<*>: <*> country code set to 'US'.
[BluetoothHIDDeviceController] EventServiceConnectedCallback
WARNING: hibernate_page_list_setall skipped <*> xpmapped pages
BuildActDeviceEntry enter
hibernate_rebuild_pmap_structs done: last_valid_compact_indx <*>
(<*>:<*>) Asked to exit for Diskarb
<*> <*>:<*>:<*> GoogleSoftwareUpdateAgent[<*><*>] [lvl=<*>] -[KSAgentApp performSelfUpdateWithEngine:] Checking for self update with Engine: <KSUpdateEngine:<*> ticketStore=<*>KSPersistentTicketStore:<*> store=<*>KSKeyedPersistentStore:<*> path=<*> lockFile=<*>KSLockFile:<*> path=<*> locked=<*> > >> processor=<*>KSActionProcessor:<*> delegate=<*>KSUpdateEngine:<*>> isProcessing=<*> actionsCompleted=<*> progress=<*> errors=<*> currentActionErrors=<*> events=<*> currentActionEvents=<*> actionQueue=<*> ) > delegate=<*>null) serverInfoStore=<*>KSServerPrivateInfoStore:<*> path=<*>> errors=<*> >
KeychainGetICDPStatus: status: off
hibernate_teardown: wired_pages <*>, free_pages <*>, active_pages <*>, inactive_pages <*>, speculative_pages <*>, cleaned_pages <*>, compressor_pages <*>
ARPT: <*>: AirPort_<*>::powerChange: System Sleep
Checking iCDP status for DSID <*> (checkWithServer=<*>)
<*> <*>:<*>:<*> GoogleSoftwareUpdateAgent[<*>/<*>] [lvl=<*>] -[KSUpdateCheckAction performAction] KSUpdateCheckAction starting update check for ticket(s): {( <KSTicket:<*> productID=<*> version=<*> xc=<*>KSPathExistenceChecker:<*> path=<*>> url=<*>:/<*> creationDate=<*> <*>:<*>:<*> ticketVersion=<*> > )} Using server: <KSOmahaServer:<*> engine=<*>KSUpdateEngine:<*>> >
network changed: <*>(<*>-:<*>) <*>(<*>-:<*>:<*>:<*>:<*>:<*>:<*>:fecd:<*>) DNS- Proxy-
network changed: DNS*
[CardDAVPlugin-ERROR] -getPrincipalInfo:[_controller supportsRequestCompressionAtURL:https:/<*>/] Error Domain=<*> Code=<*><*> "The request timed out." UserInfo=<*>NSUnderlyingError=<*> {Error Domain=<*> Code=<*><*> "The request timed out." UserInfo=<*>NSErrorFailingURLStringKey=<*>:/<*>/, NSErrorFailingURLKey=<*>:/<*>/, _kCFStreamErrorCodeKey=<*><*>, _kCFStreamErrorDomainKey=<*>, NSLocalizedDescription=<*> request timed out.}}, NSErrorFailingURLStringKey=<*>:/<*>/, NSErrorFailingURLKey=<*>:/<*>/, _kCFStreamErrorDomainKey=<*>, _kCFStreamErrorCodeKey=<*><*>, NSLocalizedDescription=<*> request timed out.}
<*>: Supported channels <*> <*> <*> <*> <*> <*> <*> <*> <*> <*> <*> <*> <*> <*> <*> <*> <*> <*> <*> <*> <*> <*> <*> <*> <*> <*> <*> <*> <*> <*> <*> <*> <*> <*> <*> <*> <*> <*>
<*> <*>:<*>:<*> ksfetch[<*><*>] [lvl=<*>] main() ksfetch done fetching.
network changed: <*>(<*>!:<*>) DNS+ Proxy+ SMB
-[SOAPParser:<*> parser:didStartElement:namespaceURI:qualifiedName:attributes:] Type not found in EWSItemType for ExchangePersonIdGuid (t:ExchangePersonIdGuid)
CCFile::captureLog Received Capture notice id: <*>, reason =<*>AssocFail:sts:<*>_rsn:<*>
CCLogTap::profileRemoved, Owner: <*>, Name: <*>
extension <*> -> (null)
Session <*> created
<*> <*>:<*>:<*> GoogleSoftwareUpdateAgent[<*>/<*>] [lvl=<*>] +[KSCodeSigningVerification verifyBundle:applicationId:error:] KSCodeSigningVerification verifying code signing for '/Users/xpc/Library/Google/GoogleSoftwareUpdate/<*>/Contents/MacOS/GoogleSoftwareUpdateDaemon' with the requirement 'anchor apple generic and certificate <*>[<*>] exists and certificate leaf[<*>] exists and certificate leaf[<*>]=<*> and (identifier=<*>)'
[Accounts] Current connection, <NSXPCConnection: <*>> connection from pid <*>, doesn't have account access.
[Accounts] Failed to update account with identifier <*>, error: Error Domain=<*> Code=<*> "(null)
kern_open_file_for_direct_io took <*> ms
<*> <*>:<*>:<*> GoogleSoftwareUpdateAgent[<*><*>] [lvl=<*>] -[KSOutOfProcessFetcher(PrivateMethods) helperDidTerminate:] KSOutOfProcessFetcher fetch ended for URL: "https:/<*>
Peripheral manager is not powered on
CGXDisplayDidWakeNotification [<*>]: posting kCGSDisplayDidWake
PM response took <*> ms (<*>, WeChat)
Cocoa scripting error for '<*> four character codes must be four characters long.
Invalidating watch set.
<*>:<*>:<*> : Started generating hashes
.sdef warning for argument '' of command 'can continue previous list' in suite 'Microsoft Word Suite': '<*>' is not a valid type name.
[<*>:<*>:<*>] (Fig) signalled err=<*><*>
-deviceDeltaY is deprecated for NSScrollWheel. Please use -scrollingDeltaY.
-_continuousScroll is deprecated for NSScrollWheel. Please use -hasPreciseScrollingDeltas.
Failed to stop a scan - central is not powered on: <*>
objc[<*>]: Class TSUCustomFormatData is implemented in both <*> and <*>. One of the two will be used. Which one is undefined.
objc[<*>]: Class TSUAtomicLRUCache is implemented in both <*> and <*>. One of the two will be used. Which one is undefined.
[<*>:<*>:<*>] <<<< CRABS >>>> crabsWaitForLoad: [<*>] Wait time out - -<*> (msRequestTimeout -<*>)
Wake reason: <*> (SleepTimer)
vm_compressor_fastwake_warmup (<*> - <*>) - starting
**** [BroadcomBluetoothHostControllerUSBTransport][start] -- Completed (matched on Device) -- <*> ****
hibernate_newruntime_map time: <*> ms, IOPolledFilePollersOpen(), ml_get_interrupts_enabled <*>
<*> <*>:<*>:<*> GoogleSoftwareUpdateAgent[<*><*>] [lvl=<*>] -[KSPrefetchAction performAction] KSPrefetchAction no updates to prefetch.
<IMMacNotificationCenterManager: <*>>: notification observer: <*>   notification: __CFNotification <*> {name =<*>_NSDoNotDisturbEnabledNotification}
CCProfileMonitor::freeResources done
<IMMacNotificationCenterManager: <*>>:    NC Disabled: NO
<IMMacNotificationCenterManager: <*>>:   DND Enabled: NO
<*> <*>:<*>:<*> ksfetch[<*><*>] [lvl=<*>] main() Fetcher received a request: <NSMutableURLRequest: <*>> { URL: https:/<*> }
<*>: BSSID changed to <*>:<*>:<*>:<*>:<*>:ed
Daemon connection invalidated!
doSaveChannels@<*>: Will write to: <*>/[<*>-<*>-<*>_<*>,<*>,<*>] - AssocFail:sts:<*>
<IMMacNotificationCenterManager: <*> Updating enabled: YES   (Topics: ( "<*>", "<*>", "<*>", "<*>", "<*>", "<*>", "<*>", "<*>", "<*>", "<*>", "<*>", "<*>", "<*>", "<*>", "<*>", "<*>" ))
IOHibernatePollerOpen(<*>)
AppleActuatorDevice::stop Entered
AppleActuatorDevice::start Entered
hibernate_rebuild completed - took <*> msecs
ARPT: <*>: IOPMPowerSource Information: onWake,  SleepType: Normal Sleep,  'ExternalConnected': No, 'TimeRemaining': <*>,
hibernate_machine_init: state <*>, image pages <*>, sum was <*>, imageSize <*>, <*> <*>, conflictCount <*>, nextFree <*>
bitmap_size <*>, previewSize <*>, writing <*> pages @ <*>
<*>: manual intervention required!
CCFile::captureLog Received Capture notice id: <*>, reason =<*>RoamFail:sts:<*>
DB Error: <*> "no such table: tb_<*>_<*>
<IMMacNotificationCenterManager: <*>>: Updating enabled: NO   (Topics: ( ))
<*>: BSSID changed to <*>:<*>:ee:<*>:<*>:<*>
arp_client_transmit(<*>) failed, Network is down (<*>)
<*> <*>:<*>:<*> GoogleSoftwareUpdateAgent[<*><*>] [lvl=<*>] -[KSOutOfProcessFetcher beginFetchWithDelegate:] KSOutOfProcessFetcher fetching from URL: "https:/<*>
-[NETClientConnection <*>] <*> - Perform <*>! <*> <*> <*>:<*>
could discard act <*> inact <*> purgeable <*> spec <*> cleaned <*>
-[NETClientConnection effectiveBundleID] using process name CalendarAgent as bundle ID (this is expected for daemons without bundle ID
hostControllerOnline - Number of Paired devices =<*><*>, List of Paired devices =<*>( "<*>-<*>-<*>-<*>-db-<*>" )
AppleActuatorDeviceUserClient::start Entered
AppleActuatorHIDEventDriver: stop
booter start at <*> ms smc <*> ms, [<*>, <*>, <*>] total <*> ms, dsply <*>, <*> ms, tramp <*> ms
**** [BroadcomBluetoothHostController][SetupController] -- Delay HCI Reset by <*>  ****
**** [IOBluetoothHostControllerUSBTransport][start] -- completed -- result =<*><*> -- <*> ****
<*> <*>:<*>:<*> ksfetch[<*><*>] [lvl=<*>] main() Fetcher is exiting.
hibernate_page_list_setall(preflight <*>) start
hibernate_page_list_setall time: <*> ms
IOPolledFilePollersOpen(<*>) <*> ms
hibernate_teardown completed - discarded <*>
AppleActuatorDeviceUserClient::stop Entered
[IOBluetoothHostController::setConfigState] calling registerService
Unable to start NetBIOS name service:
[HID] [MT] AppleMultitouchDevice::start entered
Google Chrome He[<*>] triggered unnest of range <*>-><*> of DYLD shared region in VM map <*> While not abnormal for debuggers, this increases system memory footprint until the target exits.
Got an XPC error: Connection invalid
no sleep images for WillPowerOffWithImages
ChromeExistion main isUndetectWithCommand =<*><*>
after trim url =<*>https:/<*>
-[SFLListManager(ServiceReplyProtocol) notifyChanges:toListWithIdentifier:] Notified of item changes to list with identifier <*>
<*> <*>:<*>:<*> GoogleSoftwareUpdateAgent[<*><*>] [lvl=<*>] -[KSMultiUpdateAction performAction] KSPromptAction had no updates to apply.
url host =<*><*>
ChromeExistion main strSendMsg =<*>{"websitekey":<*>,"commandkey":<*>,"browserkey":<*>}
the url =<*>http:/<*>
[<*>] [Adding [<CalDAVAccountRefreshQueueableOperation: <*>; Sequence: <*>>] to failed operations.]
network changed: <*>(<*>-:<*>:<*>:<*>:<*>:<*>:<*>:fecd:<*>) DNS- Proxy-
<*>: BSSID changed to <*>:<*>:<*>:<*>:ea:<*>
hibernate_rebuild started
ARPT: <*>: <*>: Roamed or switched channel, reason #<*>, bssid <*>:<*>:<*>:<*>:ea:<*>, last RSSI -<*>
Service "<*>" tried to hijack endpoint "<*>" from owner: <*>
<*> <*>:<*>:<*> GoogleSoftwareUpdateAgent[<*><*>] [lvl=<*>] -[KSAgentApp(KeystoneDelegate) updateEngineFinishedWithErrors:] Keystone finished: errors=<*>
<*> <*>:<*>:<*> PM [AirPlayUIAgent] BecomingInactive: NSWorkspaceWillSleepNotification
Sandbox: <*>(<*>) deny(<*>) file-read-data <*>
full wake request (reason <*>) <*> ms
kern_open_file_for_direct_io(<*>)
PM response took <*> ms (<*>, QQ)
Page bounds {{<*>, <*>}, {<*>, <*>}}
Sandbox: SpotlightNetHelp(<*>) deny(<*>) ipc-posix-shm-read-data CFPBS:<*>:
Failed to connect (titleField) outlet from (MMSessionPickerChoosenRowView) to (NSTextField): missing setter or instance variable
no application identifier provided, can't use provisioning profiles [pid=<*>]
CFNetwork SSLHandshake failed (-<*>)
[<*>] [Account xpc_ben@<*>@https:/<*>/ timed out when executing operation: <CalDAVAccountRefreshQueueableOperation: <*>; Sequence: <*>>]
tcp_connection_destination_handle_tls_close_notify <*> closing socket due to TLS CLOSE_NOTIFY alert
<*> <*>:<*>:<*> GoogleSoftwareUpdateAgent[<*><*>] [lvl=<*>] -[KSOutOfProcessFetcher beginFetchWithDelegate:] KSOutOfProcessFetcher start fetch from URL: "https:/<*>
(<*>:<*>) <*> <*>
Configuration Notice: ASL Module "<*>" sharing output destination "<*>" with ASL Module "<*>". Output parameters from ASL Module "<*>" override any specified in ASL Module "<*>".
[CardDAVPlugin-ERROR] -getPrincipalInfo:[_controller supportsRequestCompressionAtURL:https:/<*>/] Error Domain=<*> Code=<*><*> "The Internet connection appears to be offline." UserInfo=<*>NSUnderlyingError=<*> {Error Domain=<*> Code=<*><*> "The Internet connection appears to be offline." UserInfo=<*>NSErrorFailingURLStringKey=<*>:/<*>/, NSErrorFailingURLKey=<*>:/<*>/, _kCFStreamErrorCodeKey=<*>, _kCFStreamErrorDomainKey=<*>, NSLocalizedDescription=<*> Internet connection appears to be offline.}}, NSErrorFailingURLStringKey=<*>:/<*>/, NSErrorFailingURLKey=<*>:/<*>/, _kCFStreamErrorDomainKey=<*>, _kCFStreamErrorCodeKey=<*>, NSLocalizedDescription=<*> Internet connection appears to be offline.}
CCDataTap::profileRemoved, Owner: <*>, Name: StateSnapshots
Unrecognized XSSimpleTypeDefinition: OneOff
DB Path: <*>
Could not get event name for stream<*>: <*><*>: <*>: Request for stale data
Error in CoreDragRemoveTrackingHandler: -<*>
Session <*> destroyed
[<*>] [Account refresh failed with error: Error Domain=<*> Code=<*> "(null)" UserInfo=<*>AccountName=<*>, CalDAVErrFromRefresh=<*>, CoreDAVHTTPHeaders=<*>CFBasicHash <*> [<*>]>{type =<*>immutable dict, count =<*><*>, entries =<*> <*> : Connection =<*><CFString <*> [<*>]>{contents =<*>"keep-alive"} <*> : Content-Type =<*>text<*> <*> : Content-Length =<*><*> <*> : Server =<*>nginx <*> : Date =<*><CFString <*> [<*>]>{contents =<*>"Fri, <*> Jul <*> <*>:<*>:<*> GMT"} } }]
Unable to simultaneously satisfy constraints: ( "<NSLayoutConstraint:<*> H:[NSImageView:<*>(<*>)]>", "<NSLayoutConstraint:<*> H:|-(<*>)-[NSImageView:<*>]   (Names: PageItemCell:<*>, '|':PageItemCell:<*> )>", "<NSLayoutConstraint:<*> 'NSView-Encapsulated-Layout-Width' H:[PageItemCell(<*>)]   (Names: PageItemCell:<*> )>", "<NSLayoutConstraint:<*> H:[NSImageView:<*>]-(<*>)-[NSTextField:<*>]>", "<NSLayoutConstraint:<*> H:[NSTextField:<*>]-(<*>)-|   (Names: PageItemCell:<*>, '|':PageItemCell:<*> )>", "<NSLayoutConstraint:<*> H:[NSTextField:<*>]-(>=<*>(<*>))-[NSTextField:<*>]>" )  Will attempt to recover by breaking constraint <NSLayoutConstraint:<*> H:[NSImageView:<*>(<*>)]>  Set the NSUserDefault NSConstraintBasedLayoutVisualizeMutuallyExclusiveConstraints to YES to have -[NSWindow visualizeConstraints:] automatically called when this happens.  And<*>, break on objc_exception_throw to catch this in the debugger.
ARPT: <*>: <*>: Roamed or switched channel, reason #<*>, bssid <*>:<*>:ca:db:<*>:cc, last RSSI -<*>
Sandbox: QuickLookSatelli(<*>) deny(<*>) mach-lookup <*>
CoreAnimation: warning, deleted thread with uncommitted CATransaction; set CA_DEBUG_TRANSACTIONS=<*> in environment to log backtraces.
full wake promotion (reason <*>) <*> ms
<*> <*>:<*>:<*> GoogleSoftwareUpdateAgent[<*><*>] [lvl=<*>] -[KSUpdateCheckAction performAction] KSUpdateCheckAction starting update check for ticket(s): {( <KSTicket:<*> productID=<*> version=<*> xc=<*>KSPathExistenceChecker:<*> path=<*> <*>> serverType=<*> url=<*>:/<*> creationDate=<*> <*>:<*>:<*> tagPath=<*> <*><*> tagKey=<*> brandPath=<*> Chrome <*> brandKey=<*> versionPath=<*> <*><*> versionKey=<*> cohort=<*> cohortName=<*> ticketVersion=<*> > )} Using server: <KSOmahaServer:<*> engine=<*>KSUpdateEngine:<*>> >
[QL] No sandbox token for request <QLThumbnailRequest <*>>, it will probably fail
NSURLSession<*> HTTP load failed (kCFStreamErrorDomainSSL, -<*>)
schedule invalidation <DYTransport <*>, error: lost transport connection (<*>)>
CoreAnimation: timed out fence <*>
<<<< MediaValidator >>>> mv_LookupCodecSupport: Unrecognized codec <*>
<<<< MediaValidator >>>> mv_<*>: Unrecognized codec <*> Failed codec specific check.
[<*>:<*>:<*>] mv_LowLevelCheckIfVideoPlayableUsingDecoder signalled err=<*><*> (kFigMediaValidatorError_VideoCodecNotSupported) (video codec <*>) at  line <*>
Failed to connect (view) outlet from (NSApplication) to (NSColorPickerGridView): missing setter or instance variable
<*>:<*>:<*> ERROR:    <*>: timed out after <*> (<*> <*>); mMajorChangePending=<*>
efi pagecount <*>
did discard act <*> inact <*> purgeable <*> spec <*> cleaned <*>
CCDataTap::profileRemoved, Owner: <*>, Name: AssociationEventHistory
ARPT: <*>: <*>: Roamed or switched channel, reason #<*>, bssid <*>:<*>:<*>:<*>:bc:<*>, last RSSI -<*>
Host controller terminated
[HID] [MT] AppleActuatorHIDEventDriver::start entered
[BluetoothHIDDeviceController]ERROR: Could not find the disconnected object
vm_compressor_fastwake_warmup completed - took <*> msecs
Arranged view frame: {{<*>, <*>}, {<*>, <*>}}
CCProfileMonitor::setStreamEventHandler
Telling CSI to go low power.
<*> <*>:<*>:<*> GoogleSoftwareUpdateAgent[<*><*>] [lvl=<*>] -[KSAgentApp(KeystoneThread) runKeystonesInThreadWithArg:] About to run checks for any other apps.
Unable to simultaneously satisfy constraints: ( "<NSAutoresizingMaskLayoutConstraint:<*> h=<*>&- v=<*>&- V:[NSScrollView:<*>]-(<*>)-|   (Names: '|':NSView:<*> )>", "<NSAutoresizingMaskLayoutConstraint:<*> h=<*>&- v=<*>&- V:|-(<*>)-[NSScrollView:<*>]   (Names: '|':NSView:<*> )>", "<NSAutoresizingMaskLayoutConstraint:<*> h=<*>&- v=<*>-& V:[NSView:<*>(<*>)]>", "<NSAutoresizingMaskLayoutConstraint:<*> h=<*>&- v=<*>&- V:|-(<*>)-[NSView:<*>]   (Names: '|':NSView:<*> )>", "<NSAutoresizingMaskLayoutConstraint:<*> h=<*>&- v=<*>&- V:[NSView:<*>]-(<*>)-|   (Names: '|':NSView:<*> )>" )  Will attempt to recover by breaking constraint <NSAutoresizingMaskLayoutConstraint:<*> h=<*>&- v=<*>&- V:|-(<*>)-[NSScrollView:<*>]   (Names: '|':NSView:<*> )>  Set the NSUserDefault NSConstraintBasedLayoutVisualizeMutuallyExclusiveConstraints to YES to have -[NSWindow visualizeConstraints:] automatically called when this happens.  And<*>, break on objc_exception_throw to catch this in the debugger.
nw_path_evaluator_start_helper_connection net_helper_path_evaluation_start failed, dumping backtrace: [<*>_<*>] <*> <*>   <*>             <*> __nw_create_backtrace_string + <*> <*>   <*>             <*> nw_path_evaluator_start_helper_connection + <*> <*>   <*>                   <*> _dispatch_call_block_and_release + <*> <*>   <*>                   <*> _dispatch_client_callout + <*> <*>   <*>                   <*> _dispatch_queue_drain + <*> <*>   <*>                   <*> _dispatch_queue_invoke + <*> <*>   <*>                   <*> _dispatch_root_queue_drain + <*> <*>   <*>                   <*> _dispatch_worker_<*> + <*> <*>   <*>             <*> _pthread_wqthread + <*> <*>   <*>             <*> start_wqthread + <*>
